build,rep,instructions,completed,instr_per_conn,conn_per_sec
uring,1,822340576,4998,164533.9287715086,499.8
uring,2,681808659,4040,168764.51955445544,404.0
uring,3,817607247,4900,166858.6218367347,490.0
uring,4,599550550,3511,170763.47194531473,351.1
uring,5,810459546,5023,161349.70057734422,502.3
