{
  "relay": "203.0.113.10:18000",
  "in_flight": 512,
  "req_len": 64,
  "reply_len": 256,
  "duration_sec": 100.000642208,
  "completed": 25487,
  "errors": 16864,
  "audit_fail": 0,
  "conn_per_sec": 254.86836321498197,
  "p50_us": 2103735,
  "p99_us": 2210296,
  "p999_us": 4185237,
  "latency_samples": 25487
}
